_ID,_STATUS,_ENV,_INSTANCE,username,password,age
AT-T001,no,SIT,1,SITest01@NCSD365Developmentoutlook.onmicrosoft.com,pwd.VG5WMmJ6ZzJPRGd4Tmc9PQ==,"23"
"AT-T001","yes","SIT",1,"SITest01@NCSD365Developmentoutlook.onmicrosoft.com","pwd.VG5WMmJ6ZzJPRGd4Tmc9PQ==","23"
"AT-T002","yes","SIT",1,"SITest01@NCSD365Developmentoutlook.onmicrosoft.com","pwd.VG5WMmJ6ZzJPRGd4Tmc9PQ=="," 23"
AT-T006,yes,SIT,1,SITest01@NCSD365Developmentoutlook.onmicrosoft.com,pwd.VG5WMmJ6ZzJPRGd4Tmc9PQ==,"23"
ATHENA_TEST_DATA,yes,SIT,1,SITest01@NCSD365Developmentoutlook.onmicrosoft.com,pwd.VG5WMmJ6ZzJPRGd4Tmc9PQ==,"23"
ATHENA_TEST_DATA,yes,SIT,1,SITest01@NCSD365Developmentoutlook.onmicrosoft.com,pwd.VG5WMmJ6ZzJPRGd4Tmc9PQ==,"23"