<component name="ProjectRunConfigurationManager">
  <configuration default="false" name="Athena" type="TestNG">
    <module name="ncs-blank-project-maven" />
    <shortenClasspath name="NONE" />
    <useClassPathOnly />
    <option name="SUITE_NAME" value="$PROJECT_DIR$/test-runner/athena_runner.xml" />
    <option name="PACKAGE_NAME" value="" />
    <option name="MAIN_CLASS_NAME" value="" />
    <option name="METHOD_NAME" value="" />
    <option name="GROUP_NAME" value="" />
    <option name="TEST_OBJECT" value="SUITE" />
    <option name="PARAMETERS" value="" />
    <option name="OUTPUT_DIRECTORY" value="" />
    <option name="TEST_SEARCH_SCOPE">
      <value defaultName="moduleWithDependencies" />
    </option>
    <option name="PROPERTIES_FILE" value="" />
    <properties />
    <listeners />
    <method v="2">
      <option name="Make" enabled="true" />
    </method>
  </configuration>
</component>